Segment,customer_count,avg_recency,avg_frequency,avg_monetary
Champions,1561,109.59833440102499,1.0,373.9566495836002
Hibernating,24791,418.02448469202534,1.0,136.5519353797749
Potential Loyalist,24930,163.503088648215,1.0,136.52425992779783
At Risk,24861,418.5654237560838,1.0,135.90822533285066
Loyal Customers,23298,167.86810026611727,1.0,121.9106425444244
